{
  "precision": 0.75362,
  "recall": 0.50725,
  "f1_macro": 0.35082,
  "f1_per_class": {
    "non-fallacy": 0.67308,
    "fallacy": 0.02857
  },
  "support_per_class": {
    "non-fallacy": 70,
    "fallacy": 69
  },
  "classification_report": {
    "non-fallacy": {
      "precision": 0.5072463768115942,
      "recall": 1.0,
      "f1-score": 0.6730769230769231,
      "support": 70.0
    },
    "fallacy": {
      "precision": 1.0,
      "recall": 0.014492753623188406,
      "f1-score": 0.02857142857142857,
      "support": 69.0
    },
    "accuracy": 0.5107913669064749,
    "macro avg": {
      "precision": 0.7536231884057971,
      "recall": 0.5072463768115942,
      "f1-score": 0.35082417582417585,
      "support": 139.0
    },
    "weighted avg": {
      "precision": 0.7518506933583567,
      "recall": 0.5107913669064749,
      "f1-score": 0.3531425409123251,
      "support": 139.0
    }
  },
  "subtask": "st1",
  "wall_clock_s": 486.2,
  "peak_vram_mb": 14105.0,
  "params": 435063810,
  "track": "base",
  "backbone": "microsoft/deberta-v3-large",
  "status_flags": [
    "time_exceeded"
  ],
  "epochs_completed": 6,
  "nan_batches": 0,
  "best_train_loss": 0.69324
}