{
  "precision": 0.93561,
  "recall": 0.92262,
  "f1_macro": 0.92337,
  "f1_per_class": {
    "authority": 0.94118,
    "black-white": 0.94118,
    "hasty_generalization": 1.0,
    "natural": 0.94118,
    "population": 0.83333,
    "slippery_slope": 0.94118,
    "tradition": 0.9,
    "worse_problems": 0.88889
  },
  "support_per_class": {
    "authority": 8,
    "black-white": 8,
    "hasty_generalization": 8,
    "natural": 9,
    "population": 7,
    "slippery_slope": 9,
    "tradition": 9,
    "worse_problems": 9
  },
  "classification_report": {
    "authority": {
      "precision": 0.8888888888888888,
      "recall": 1.0,
      "f1-score": 0.9411764705882353,
      "support": 8.0
    },
    "black-white": {
      "precision": 0.8888888888888888,
      "recall": 1.0,
      "f1-score": 0.9411764705882353,
      "support": 8.0
    },
    "hasty_generalization": {
      "precision": 1.0,
      "recall": 1.0,
      "f1-score": 1.0,
      "support": 8.0
    },
    "natural": {
      "precision": 1.0,
      "recall": 0.8888888888888888,
      "f1-score": 0.9411764705882353,
      "support": 9.0
    },
    "population": {
      "precision": 1.0,
      "recall": 0.7142857142857143,
      "f1-score": 0.8333333333333334,
      "support": 7.0
    },
    "slippery_slope": {
      "precision": 1.0,
      "recall": 0.8888888888888888,
      "f1-score": 0.9411764705882353,
      "support": 9.0
    },
    "tradition": {
      "precision": 0.8181818181818182,
      "recall": 1.0,
      "f1-score": 0.9,
      "support": 9.0
    },
    "worse_problems": {
      "precision": 0.8888888888888888,
      "recall": 0.8888888888888888,
      "f1-score": 0.8888888888888888,
      "support": 9.0
    },
    "accuracy": 0.9253731343283582,
    "macro avg": {
      "precision": 0.9356060606060606,
      "recall": 0.9226190476190477,
      "f1-score": 0.9233660130718954,
      "support": 67.0
    },
    "weighted avg": {
      "precision": 0.9341172923262476,
      "recall": 0.9253731343283582,
      "f1-score": 0.9243781094527364,
      "support": 67.0
    }
  },
  "subtask": "st2",
  "wall_clock_s": 358.5,
  "peak_vram_mb": 7388.0,
  "params": 355367944,
  "track": "enhanced",
  "backbone": "roberta-large",
  "status_flags": [],
  "epochs_completed": 10,
  "best_train_loss": 0.00157
}