{
  "precision": 0.26075,
  "recall": 0.3006,
  "f1_macro": 0.27692,
  "f1_per_class": {
    "epistemic-external": 0.30769,
    "epistemic-internal": 0.8,
    "practical-external": 0.0,
    "practical-internal": 0.0
  },
  "support_per_class": {
    "epistemic-external": 7,
    "epistemic-internal": 48,
    "practical-external": 1,
    "practical-internal": 13
  },
  "classification_report": {
    "epistemic-external": {
      "precision": 0.3333333333333333,
      "recall": 0.2857142857142857,
      "f1-score": 0.3076923076923077,
      "support": 7.0
    },
    "epistemic-internal": {
      "precision": 0.7096774193548387,
      "recall": 0.9166666666666666,
      "f1-score": 0.8,
      "support": 48.0
    },
    "practical-external": {
      "precision": 0.0,
      "recall": 0.0,
      "f1-score": 0.0,
      "support": 1.0
    },
    "practical-internal": {
      "precision": 0.0,
      "recall": 0.0,
      "f1-score": 0.0,
      "support": 13.0
    },
    "accuracy": 0.6666666666666666,
    "macro avg": {
      "precision": 0.260752688172043,
      "recall": 0.3005952380952381,
      "f1-score": 0.27692307692307694,
      "support": 69.0
    },
    "weighted avg": {
      "precision": 0.5275050646719651,
      "recall": 0.6666666666666666,
      "f1-score": 0.5877369007803791,
      "support": 69.0
    }
  },
  "subtask": "st3",
  "wall_clock_s": 232.8,
  "peak_vram_mb": 8994.2,
  "params": 184425220,
  "track": "base",
  "backbone": "microsoft/deberta-v3-base",
  "status_flags": [],
  "epochs_completed": 10,
  "nan_batches": 0,
  "best_train_loss": 1.32498
}