{
  "precision": "fp32",
  "recall": 0.45965,
  "f1_macro": 0.47816,
  "f1_per_class": {
    "epistemic-external": 0.36364,
    "epistemic-internal": 0.88235,
    "practical-external": 0.0,
    "practical-internal": 0.66667
  },
  "support_per_class": {
    "epistemic-external": 7,
    "epistemic-internal": 48,
    "practical-external": 1,
    "practical-internal": 13
  },
  "classification_report": {
    "epistemic-external": {
      "precision": 0.5,
      "recall": 0.2857142857142857,
      "f1-score": 0.36363636363636365,
      "support": 7.0
    },
    "epistemic-internal": {
      "precision": 0.8333333333333334,
      "recall": 0.9375,
      "f1-score": 0.8823529411764706,
      "support": 48.0
    },
    "practical-external": {
      "precision": 0.0,
      "recall": 0.0,
      "f1-score": 0.0,
      "support": 1.0
    },
    "practical-internal": {
      "precision": 0.7272727272727273,
      "recall": 0.6153846153846154,
      "f1-score": 0.6666666666666666,
      "support": 13.0
    },
    "accuracy": 0.7971014492753623,
    "macro avg": {
      "precision": 0.5151515151515151,
      "recall": 0.45964972527472525,
      "f1-score": 0.4781639928698752,
      "support": 69.0
    },
    "weighted avg": {
      "precision": 0.7674571805006587,
      "recall": 0.7971014492753623,
      "f1-score": 0.7763052520085768,
      "support": 69.0
    }
  },
  "subtask": "st3",
  "wall_clock_s": 586.4,
  "peak_vram_mb": 9085.6,
  "params": 355363844,
  "track": "base",
  "backbone": "roberta-large",
  "status_flags": [
    "early_stopped"
  ],
  "epochs_completed": 5,
  "nan_batches": 0,
  "n_real": 404,
  "n_synth": 582,
  "synth_weight": 0.5,
  "seed": 42,
  "patience": 3,
  "early_stopped": true,
  "best_train_loss": 0.0621
}