{
  "precision": 0.73344,
  "recall": 0.72029,
  "f1_macro": 0.71566,
  "f1_per_class": {
    "non-fallacy": 0.68293,
    "fallacy": 0.74839
  },
  "support_per_class": {
    "non-fallacy": 70,
    "fallacy": 69
  },
  "classification_report": {
    "non-fallacy": {
      "precision": 0.7924528301886793,
      "recall": 0.6,
      "f1-score": 0.6829268292682927,
      "support": 70.0
    },
    "fallacy": {
      "precision": 0.6744186046511628,
      "recall": 0.8405797101449275,
      "f1-score": 0.7483870967741936,
      "support": 69.0
    },
    "accuracy": 0.7194244604316546,
    "macro avg": {
      "precision": 0.7334357174199211,
      "recall": 0.7202898550724637,
      "f1-score": 0.7156569630212432,
      "support": 139.0
    },
    "weighted avg": {
      "precision": 0.7338603009650201,
      "recall": 0.7194244604316546,
      "f1-score": 0.7154214944330924,
      "support": 139.0
    }
  },
  "subtask": "st1",
  "wall_clock_s": 664.3,
  "peak_vram_mb": 7387.9,
  "params": 355361794,
  "track": "base",
  "backbone": "roberta-large",
  "status_flags": [
    "time_exceeded"
  ],
  "epochs_completed": 10,
  "best_train_loss": 0.00104
}