{
  "precision": 0.54069,
  "recall": 0.52587,
  "f1_macro": 0.52947,
  "f1_per_class": {
    "epistemic-external": 0.53333,
    "epistemic-internal": 0.88889,
    "practical-external": 0.0,
    "practical-internal": 0.69565
  },
  "support_per_class": {
    "epistemic-external": 7,
    "epistemic-internal": 48,
    "practical-external": 1,
    "practical-internal": 13
  },
  "classification_report": {
    "epistemic-external": {
      "precision": 0.5,
      "recall": 0.5714285714285714,
      "f1-score": 0.5333333333333333,
      "support": 7.0
    },
    "epistemic-internal": {
      "precision": 0.8627450980392157,
      "recall": 0.9166666666666666,
      "f1-score": 0.8888888888888888,
      "support": 48.0
    },
    "practical-external": {
      "precision": 0.0,
      "recall": 0.0,
      "f1-score": 0.0,
      "support": 1.0
    },
    "practical-internal": {
      "precision": 0.8,
      "recall": 0.6153846153846154,
      "f1-score": 0.6956521739130435,
      "support": 13.0
    },
    "accuracy": 0.8115942028985508,
    "macro avg": {
      "precision": 0.540686274509804,
      "recall": 0.5258699633699634,
      "f1-score": 0.5294685990338164,
      "support": 69.0
    },
    "weighted avg": {
      "precision": 0.8016197783461211,
      "recall": 0.8115942028985508,
      "f1-score": 0.803528670447385,
      "support": 69.0
    }
  },
  "subtask": "st3",
  "n_predicted": 69,
  "n_total": 69,
  "n_per_class": 2,
  "retrieval": "knn",
  "peak_vram_mb": 7427.37109375
}