{
  "precision": 0.90713,
  "recall": 0.90663,
  "f1_macro": 0.90646,
  "f1_per_class": {
    "non-fallacy": 0.90511,
    "fallacy": 0.9078
  },
  "support_per_class": {
    "non-fallacy": 70,
    "fallacy": 69
  },
  "classification_report": {
    "non-fallacy": {
      "precision": 0.9253731343283582,
      "recall": 0.8857142857142857,
      "f1-score": 0.9051094890510949,
      "support": 70.0
    },
    "fallacy": {
      "precision": 0.8888888888888888,
      "recall": 0.927536231884058,
      "f1-score": 0.9078014184397163,
      "support": 69.0
    },
    "accuracy": 0.9064748201438849,
    "macro avg": {
      "precision": 0.9071310116086235,
      "recall": 0.9066252587991719,
      "f1-score": 0.9064554537454056,
      "support": 139.0
    },
    "weighted avg": {
      "precision": 0.9072622499015712,
      "recall": 0.9064748201438849,
      "f1-score": 0.906445770546166,
      "support": 139.0
    }
  },
  "subtask": "st1",
  "wall_clock_s": 1087.7,
  "peak_vram_mb": 7387.9,
  "params": 355361794,
  "track": "enhanced",
  "backbone": "roberta-large",
  "status_flags": [],
  "epochs_completed": 12,
  "nan_batches": 0,
  "n_real": 799,
  "n_synth": 320,
  "synth_weight": 0.5,
  "best_train_loss": 0.08062
}