{
  "precision": 0.94861,
  "recall": 0.93651,
  "f1_macro": 0.93664,
  "f1_per_class": {
    "authority": 1.0,
    "black-white": 0.88889,
    "hasty_generalization": 0.94118,
    "natural": 0.94118,
    "population": 0.83333,
    "slippery_slope": 0.94118,
    "tradition": 0.94737,
    "worse_problems": 1.0
  },
  "support_per_class": {
    "authority": 8,
    "black-white": 8,
    "hasty_generalization": 8,
    "natural": 9,
    "population": 7,
    "slippery_slope": 9,
    "tradition": 9,
    "worse_problems": 9
  },
  "classification_report": {
    "authority": {
      "precision": 1.0,
      "recall": 1.0,
      "f1-score": 1.0,
      "support": 8.0
    },
    "black-white": {
      "precision": 0.8,
      "recall": 1.0,
      "f1-score": 0.8888888888888888,
      "support": 8.0
    },
    "hasty_generalization": {
      "precision": 0.8888888888888888,
      "recall": 1.0,
      "f1-score": 0.9411764705882353,
      "support": 8.0
    },
    "natural": {
      "precision": 1.0,
      "recall": 0.8888888888888888,
      "f1-score": 0.9411764705882353,
      "support": 9.0
    },
    "population": {
      "precision": 1.0,
      "recall": 0.7142857142857143,
      "f1-score": 0.8333333333333334,
      "support": 7.0
    },
    "slippery_slope": {
      "precision": 1.0,
      "recall": 0.8888888888888888,
      "f1-score": 0.9411764705882353,
      "support": 9.0
    },
    "tradition": {
      "precision": 0.9,
      "recall": 1.0,
      "f1-score": 0.9473684210526315,
      "support": 9.0
    },
    "worse_problems": {
      "precision": 1.0,
      "recall": 1.0,
      "f1-score": 1.0,
      "support": 9.0
    },
    "accuracy": 0.9402985074626866,
    "macro avg": {
      "precision": 0.9486111111111111,
      "recall": 0.9365079365079365,
      "f1-score": 0.936640006879945,
      "support": 67.0
    },
    "weighted avg": {
      "precision": 0.949419568822554,
      "recall": 0.9402985074626866,
      "f1-score": 0.9394231114807797,
      "support": 67.0
    }
  },
  "subtask": "st2",
  "wall_clock_s": 663.0,
  "peak_vram_mb": 7388.0,
  "params": 355367944,
  "track": "enhanced",
  "backbone": "roberta-large",
  "status_flags": [],
  "epochs_completed": 12,
  "nan_batches": 0,
  "n_real": 398,
  "n_synth": 130,
  "synth_weight": 0.5,
  "best_train_loss": 0.00154
}