{
  "precision": 0.73385,
  "recall": 0.73385,
  "f1_macro": 0.73381,
  "f1_per_class": {
    "non-fallacy": 0.73381,
    "fallacy": 0.73381
  },
  "support_per_class": {
    "non-fallacy": 70,
    "fallacy": 69
  },
  "classification_report": {
    "non-fallacy": {
      "precision": 0.7391304347826086,
      "recall": 0.7285714285714285,
      "f1-score": 0.7338129496402878,
      "support": 70.0
    },
    "fallacy": {
      "precision": 0.7285714285714285,
      "recall": 0.7391304347826086,
      "f1-score": 0.7338129496402878,
      "support": 69.0
    },
    "accuracy": 0.7338129496402878,
    "macro avg": {
      "precision": 0.7338509316770185,
      "recall": 0.7338509316770185,
      "f1-score": 0.7338129496402878,
      "support": 139.0
    },
    "weighted avg": {
      "precision": 0.7338889137137494,
      "recall": 0.7338129496402878,
      "f1-score": 0.7338129496402878,
      "support": 139.0
    }
  },
  "subtask": "st1",
  "wall_clock_s": 664.5,
  "peak_vram_mb": 7387.9,
  "params": 355361794,
  "track": "base",
  "backbone": "roberta-large",
  "status_flags": [
    "time_exceeded"
  ],
  "epochs_completed": 7,
  "nan_batches": 0,
  "n_real": 799,
  "n_synth": 260,
  "synth_weight": 0.5,
  "best_train_loss": 0.10614
}