{
  "precision": 0.89954,
  "recall": 0.89938,
  "f1_macro": 0.89928,
  "f1_per_class": {
    "non-fallacy": 0.89855,
    "fallacy": 0.9
  },
  "support_per_class": {
    "non-fallacy": 70,
    "fallacy": 69
  },
  "classification_report": {
    "non-fallacy": {
      "precision": 0.9117647058823529,
      "recall": 0.8857142857142857,
      "f1-score": 0.8985507246376812,
      "support": 70.0
    },
    "fallacy": {
      "precision": 0.8873239436619719,
      "recall": 0.9130434782608695,
      "f1-score": 0.9,
      "support": 69.0
    },
    "accuracy": 0.8992805755395683,
    "macro avg": {
      "precision": 0.8995443247721624,
      "recall": 0.8993788819875776,
      "f1-score": 0.8992753623188405,
      "support": 139.0
    },
    "weighted avg": {
      "precision": 0.8996322411830271,
      "recall": 0.8992805755395683,
      "f1-score": 0.8992701490981129,
      "support": 139.0
    }
  },
  "subtask": "st1",
  "wall_clock_s": 664.7,
  "peak_vram_mb": 7387.9,
  "params": 355361794,
  "track": "enhanced",
  "backbone": "roberta-large",
  "status_flags": [
    "time_exceeded"
  ],
  "epochs_completed": 9,
  "best_train_loss": 0.00011
}