{
  "precision": "fp32",
  "recall": 0.4929,
  "f1_macro": 0.50519,
  "f1_per_class": {
    "epistemic-external": 0.4,
    "epistemic-internal": 0.88,
    "practical-external": 0.0,
    "practical-internal": 0.74074
  },
  "support_per_class": {
    "epistemic-external": 7,
    "epistemic-internal": 48,
    "practical-external": 1,
    "practical-internal": 13
  },
  "classification_report": {
    "epistemic-external": {
      "precision": 0.6666666666666666,
      "recall": 0.2857142857142857,
      "f1-score": 0.4,
      "support": 7.0
    },
    "epistemic-internal": {
      "precision": 0.8461538461538461,
      "recall": 0.9166666666666666,
      "f1-score": 0.88,
      "support": 48.0
    },
    "practical-external": {
      "precision": 0.0,
      "recall": 0.0,
      "f1-score": 0.0,
      "support": 1.0
    },
    "practical-internal": {
      "precision": 0.7142857142857143,
      "recall": 0.7692307692307693,
      "f1-score": 0.7407407407407407,
      "support": 13.0
    },
    "accuracy": 0.8115942028985508,
    "macro avg": {
      "precision": 0.5567765567765568,
      "recall": 0.49290293040293043,
      "f1-score": 0.5051851851851852,
      "support": 69.0
    },
    "weighted avg": {
      "precision": 0.7908371821415299,
      "recall": 0.8115942028985508,
      "f1-score": 0.792313472893183,
      "support": 69.0
    }
  },
  "subtask": "st3",
  "wall_clock_s": 473.7,
  "peak_vram_mb": 7387.9,
  "params": 355363844,
  "track": "base",
  "backbone": "roberta-large",
  "status_flags": [
    "early_stopped"
  ],
  "epochs_completed": 7,
  "nan_batches": 0,
  "n_real": 404,
  "n_synth": 282,
  "synth_weight": 0.5,
  "seed": 42,
  "patience": 3,
  "early_stopped": true,
  "best_train_loss": 0.00137
}