{
  "precision": 0.67914,
  "recall": 0.66245,
  "f1_macro": 0.65608,
  "f1_per_class": {
    "authority": 0.82353,
    "black-white": 0.55556,
    "hasty_generalization": 0.625,
    "natural": 0.8,
    "population": 0.36364,
    "slippery_slope": 0.71429,
    "tradition": 0.66667,
    "worse_problems": 0.7
  },
  "support_per_class": {
    "authority": 8,
    "black-white": 8,
    "hasty_generalization": 8,
    "natural": 9,
    "population": 7,
    "slippery_slope": 9,
    "tradition": 9,
    "worse_problems": 9
  },
  "classification_report": {
    "authority": {
      "precision": 0.7777777777777778,
      "recall": 0.875,
      "f1-score": 0.8235294117647058,
      "support": 8.0
    },
    "black-white": {
      "precision": 0.5,
      "recall": 0.625,
      "f1-score": 0.5555555555555556,
      "support": 8.0
    },
    "hasty_generalization": {
      "precision": 0.625,
      "recall": 0.625,
      "f1-score": 0.625,
      "support": 8.0
    },
    "natural": {
      "precision": 0.7272727272727273,
      "recall": 0.8888888888888888,
      "f1-score": 0.8,
      "support": 9.0
    },
    "population": {
      "precision": 0.5,
      "recall": 0.2857142857142857,
      "f1-score": 0.36363636363636365,
      "support": 7.0
    },
    "slippery_slope": {
      "precision": 1.0,
      "recall": 0.5555555555555556,
      "f1-score": 0.7142857142857143,
      "support": 9.0
    },
    "tradition": {
      "precision": 0.6666666666666666,
      "recall": 0.6666666666666666,
      "f1-score": 0.6666666666666666,
      "support": 9.0
    },
    "worse_problems": {
      "precision": 0.6363636363636364,
      "recall": 0.7777777777777778,
      "f1-score": 0.7,
      "support": 9.0
    },
    "accuracy": 0.6716417910447762,
    "macro avg": {
      "precision": 0.679135101010101,
      "recall": 0.6624503968253967,
      "f1-score": 0.6560842139886258,
      "support": 67.0
    },
    "weighted avg": {
      "precision": 0.6864917835067089,
      "recall": 0.6716417910447762,
      "f1-score": 0.6642791897401203,
      "support": 67.0
    }
  },
  "subtask": "st2",
  "wall_clock_s": 147.5,
  "peak_vram_mb": 4032.6,
  "params": 124651784,
  "track": "base",
  "backbone": "roberta-base",
  "status_flags": [],
  "epochs_completed": 10,
  "nan_batches": 0,
  "best_train_loss": 0.22866
}