{
  "precision": 0.92817,
  "recall": 0.92485,
  "f1_macro": 0.92461,
  "f1_per_class": {
    "authority": 1.0,
    "black-white": 1.0,
    "hasty_generalization": 0.875,
    "natural": 0.94118,
    "population": 0.85714,
    "slippery_slope": 1.0,
    "tradition": 0.9,
    "worse_problems": 0.82353
  },
  "support_per_class": {
    "authority": 8,
    "black-white": 8,
    "hasty_generalization": 8,
    "natural": 9,
    "population": 7,
    "slippery_slope": 9,
    "tradition": 9,
    "worse_problems": 9
  },
  "classification_report": {
    "authority": {
      "precision": 1.0,
      "recall": 1.0,
      "f1-score": 1.0,
      "support": 8.0
    },
    "black-white": {
      "precision": 1.0,
      "recall": 1.0,
      "f1-score": 1.0,
      "support": 8.0
    },
    "hasty_generalization": {
      "precision": 0.875,
      "recall": 0.875,
      "f1-score": 0.875,
      "support": 8.0
    },
    "natural": {
      "precision": 1.0,
      "recall": 0.8888888888888888,
      "f1-score": 0.9411764705882353,
      "support": 9.0
    },
    "population": {
      "precision": 0.8571428571428571,
      "recall": 0.8571428571428571,
      "f1-score": 0.8571428571428571,
      "support": 7.0
    },
    "slippery_slope": {
      "precision": 1.0,
      "recall": 1.0,
      "f1-score": 1.0,
      "support": 9.0
    },
    "tradition": {
      "precision": 0.8181818181818182,
      "recall": 1.0,
      "f1-score": 0.9,
      "support": 9.0
    },
    "worse_problems": {
      "precision": 0.875,
      "recall": 0.7777777777777778,
      "f1-score": 0.8235294117647058,
      "support": 9.0
    },
    "accuracy": 0.9253731343283582,
    "macro avg": {
      "precision": 0.9281655844155845,
      "recall": 0.9248511904761905,
      "f1-score": 0.9246060924369748,
      "support": 67.0
    },
    "weighted avg": {
      "precision": 0.9289348710990502,
      "recall": 0.9253731343283582,
      "f1-score": 0.9251097453906936,
      "support": 67.0
    }
  },
  "subtask": "st2",
  "wall_clock_s": 115.4,
  "peak_vram_mb": 4032.7,
  "params": 124651784,
  "track": "enhanced",
  "backbone": "roberta-base",
  "status_flags": [],
  "epochs_completed": 10,
  "best_train_loss": 0.01897
}