{
  "precision": 0.72719,
  "recall": 0.70982,
  "f1_macro": 0.71073,
  "f1_per_class": {
    "authority": 0.82353,
    "black-white": 0.57143,
    "hasty_generalization": 0.66667,
    "natural": 0.88889,
    "population": 0.5,
    "slippery_slope": 0.82353,
    "tradition": 0.70588,
    "worse_problems": 0.70588
  },
  "support_per_class": {
    "authority": 8,
    "black-white": 8,
    "hasty_generalization": 8,
    "natural": 9,
    "population": 7,
    "slippery_slope": 9,
    "tradition": 9,
    "worse_problems": 9
  },
  "classification_report": {
    "authority": {
      "precision": 0.7777777777777778,
      "recall": 0.875,
      "f1-score": 0.8235294117647058,
      "support": 8.0
    },
    "black-white": {
      "precision": 0.46153846153846156,
      "recall": 0.75,
      "f1-score": 0.5714285714285714,
      "support": 8.0
    },
    "hasty_generalization": {
      "precision": 0.7142857142857143,
      "recall": 0.625,
      "f1-score": 0.6666666666666666,
      "support": 8.0
    },
    "natural": {
      "precision": 0.8888888888888888,
      "recall": 0.8888888888888888,
      "f1-score": 0.8888888888888888,
      "support": 9.0
    },
    "population": {
      "precision": 0.6,
      "recall": 0.42857142857142855,
      "f1-score": 0.5,
      "support": 7.0
    },
    "slippery_slope": {
      "precision": 0.875,
      "recall": 0.7777777777777778,
      "f1-score": 0.8235294117647058,
      "support": 9.0
    },
    "tradition": {
      "precision": 0.75,
      "recall": 0.6666666666666666,
      "f1-score": 0.7058823529411765,
      "support": 9.0
    },
    "worse_problems": {
      "precision": 0.75,
      "recall": 0.6666666666666666,
      "f1-score": 0.7058823529411765,
      "support": 9.0
    },
    "accuracy": 0.7164179104477612,
    "macro avg": {
      "precision": 0.7271863553113553,
      "recall": 0.7098214285714286,
      "f1-score": 0.7107259570494864,
      "support": 67.0
    },
    "weighted avg": {
      "precision": 0.7343853078927707,
      "recall": 0.7164179104477612,
      "f1-score": 0.7180693172791505,
      "support": 67.0
    }
  },
  "subtask": "st2",
  "wall_clock_s": 404.3,
  "peak_vram_mb": 7388.0,
  "params": 355367944,
  "track": "base",
  "backbone": "roberta-large",
  "status_flags": [],
  "epochs_completed": 10,
  "best_train_loss": 0.00394
}