{
  "precision": 0.73214,
  "recall": 0.73958,
  "f1_macro": 0.73542,
  "f1_per_class": {
    "epistemic-external": 1.0,
    "epistemic-internal": 0.97872,
    "practical-external": 0.0,
    "practical-internal": 0.96296
  },
  "support_per_class": {
    "epistemic-external": 7,
    "epistemic-internal": 48,
    "practical-external": 1,
    "practical-internal": 13
  },
  "classification_report": {
    "epistemic-external": {
      "precision": 1.0,
      "recall": 1.0,
      "f1-score": 1.0,
      "support": 7.0
    },
    "epistemic-internal": {
      "precision": 1.0,
      "recall": 0.9583333333333334,
      "f1-score": 0.9787234042553191,
      "support": 48.0
    },
    "practical-external": {
      "precision": 0.0,
      "recall": 0.0,
      "f1-score": 0.0,
      "support": 1.0
    },
    "practical-internal": {
      "precision": 0.9285714285714286,
      "recall": 1.0,
      "f1-score": 0.9629629629629629,
      "support": 13.0
    },
    "accuracy": 0.9565217391304348,
    "macro avg": {
      "precision": 0.7321428571428572,
      "recall": 0.7395833333333334,
      "f1-score": 0.7354215918045705,
      "support": 69.0
    },
    "weighted avg": {
      "precision": 0.9720496894409938,
      "recall": 0.9565217391304348,
      "f1-score": 0.9637281438083165,
      "support": 69.0
    }
  },
  "subtask": "st3",
  "wall_clock_s": 1404.0,
  "peak_vram_mb": 9085.6,
  "params": 355363844,
  "track": "enhanced",
  "backbone": "roberta-large",
  "status_flags": [],
  "epochs_completed": 15,
  "best_train_loss": 0.28199
}