{
  "precision": 0.72704,
  "recall": 0.71429,
  "f1_macro": 0.71893,
  "f1_per_class": {
    "epistemic-external": 0.92308,
    "epistemic-internal": 0.98969,
    "practical-external": 0.0,
    "practical-internal": 0.96296
  },
  "support_per_class": {
    "epistemic-external": 7,
    "epistemic-internal": 48,
    "practical-external": 1,
    "practical-internal": 13
  },
  "classification_report": {
    "epistemic-external": {
      "precision": 1.0,
      "recall": 0.8571428571428571,
      "f1-score": 0.9230769230769231,
      "support": 7.0
    },
    "epistemic-internal": {
      "precision": 0.9795918367346939,
      "recall": 1.0,
      "f1-score": 0.9896907216494846,
      "support": 48.0
    },
    "practical-external": {
      "precision": 0.0,
      "recall": 0.0,
      "f1-score": 0.0,
      "support": 1.0
    },
    "practical-internal": {
      "precision": 0.9285714285714286,
      "recall": 1.0,
      "f1-score": 0.9629629629629629,
      "support": 13.0
    },
    "accuracy": 0.9710144927536232,
    "macro avg": {
      "precision": 0.7270408163265306,
      "recall": 0.7142857142857143,
      "f1-score": 0.7189326519223427,
      "support": 69.0
    },
    "weighted avg": {
      "precision": 0.9578527062999111,
      "recall": 0.9710144927536232,
      "f1-score": 0.9635537915830759,
      "support": 69.0
    }
  },
  "subtask": "st3",
  "wall_clock_s": 1150.8,
  "peak_vram_mb": 20688.1,
  "params": 395835396,
  "track": "enhanced",
  "backbone": "answerdotai/ModernBERT-large",
  "status_flags": [
    "time_exceeded"
  ],
  "epochs_completed": 5,
  "best_train_loss": 0.48901
}